[-0.5294440138551794],[-2.9874153130090435],[-0.7373035888452807]
[-0.533389071866323],[-2.918982894294907],[-0.7368633198491746]
[-0.5372873105110589],[-2.8505671525313643],[-0.7364156876611057]
[-0.5411363583640763],[-2.782169237634197],[-0.7359603608620858]
[-0.5449338151420953],[-2.713790359177434],[-0.7354969893958619]
[-0.5486772683348018],[-2.645431787546243],[-0.7350252028412076]
[-0.5523643092825347],[-2.577094855662126],[-0.7345446087023637]
[-0.5559925478638956],[-2.5087809615162637],[-0.7340547908798426]
[-0.559559624992573],[-2.4404915717615596],[-0.7335553085133597]
[-0.5630632222380502],[-2.3722282266258734],[-0.7330456954044603]
[-0.5665010680711332],[-2.3039925464259707],[-0.732525460223574]
[-0.5698709404682241],[-2.235786239996138],[-0.7319940876810772]
[-0.5731706658489741],[-2.1676111154142093],[-0.7314510407923372]
[-0.5763981145210163],[-2.0994690935309985],[-0.7308957642920784]
[-0.579551192911165],[-2.031362225008209],[-0.7303276891544788]
[-0.5826278328308909],[-1.963292711864391],[-0.7297462380540101]
[-0.5856259778295154],[-1.8952629349332417],[-0.7291508314610682]
[-0.5885435663330609],[-1.8272754891605498],[-0.7285408939103625]
[-0.5913785107834693],[-1.7593332293033375],[-0.7279158598157259]
[-0.5941286714458521],[-1.6914393293366716],[-0.7272751780431699]
[-0.5967918230263238],[-1.623597359705199],[-0.7266183143105465]
[-0.5993656118309848],[-1.5558113874662771],[-0.7259447503798011]
[-0.6018475009712525],[-1.4880861053644199],[-0.7252539789775229]
[-0.6042347011104579],[-1.420426996990928],[-0.7245454934624436]
[-0.6065240844082758],[-1.3528405465125368],[-0.7238187715074139]
[-0.6087120795179334],[-1.2853345031795838],[-0.7230732525425209]
[-0.6107945454904798],[-1.2179182132575217],[-0.7223083094876285]
[-0.6127666219125014],[-1.1506030356646095],[-0.721523216458744]
[-0.614622551160831],[-1.083402863205035],[-0.7207171157302024]
[-0.6163554659346092],[-1.016334779941966],[-0.7198889893591962]
[-0.6179571310674193],[-0.9494198983341267],[-0.7190376437297721]
[-0.619417623474228],[-0.882684438780232],[-0.7181617193515987]
[-0.6207249296172452],[-0.8161611407782728],[-0.7172597445169743]
[-0.6218644396367714],[-0.749891131610707],[-0.7163302609453533]
[-0.6228183269281046],[-0.683926432315512],[-0.71537206169654]
[-0.6235648289933544],[-0.6183333684826403],[-0.714384590208004]
[-0.6240775018127491],[-0.5531972990815632],[-0.7133685390587148]
[-0.6243246323672681],[-0.4886292793093443],[-0.7123266396120798]
[-0.6242692086515897],[-0.42477545896436597],[-0.7112645508281394]
[-0.6238701722526387],[-0.3618301107950115],[-0.7101916729048925]
[-0.6230859325076985],[-0.3000534322419323],[-0.7091216433346343]
[-0.6218808552414784],[-0.23979620908250748],[-0.7080721835455199]
[-0.6202344925094191],[-0.18153368021368163],[-0.7070639736319216]
[-0.6181530470464562],[-0.12590350598786884],[-0.706118568535934]
[-0.6156836294910174],[-0.07372117392466346],[-0.7052559510380769]
[-0.61292888578142],[-0.02592228448975306],[-0.7044929103500321]
[-0.610050653829805],[0.01661845946022538],[-0.7038420284111869]
[-0.6072499154543711],[0.05337219564368034],[-0.703307568640331]
[-0.6047216495690734],[0.08434275043697775],[-0.7028817107477958]
[-0.6025981703416672],[0.11000359716722008],[-0.7025494191226138]
[-0.6009147796455427],[0.1311513671579682],[-0.7022940894611234]
[-0.599629963747559],[0.14870581710536845],[-0.7020997695942353]
[-0.5986734656708705],[0.1634974818487042],[-0.701952940769948]
[-0.5979778267601582],[0.1761761536444122],[-0.7018432210326756]
[-0.5974884324855546],[0.18722016871441247],[-0.7017629801237615]
[-0.5971635777227849],[0.1969765284156076],[-0.701706652780832]
[-0.5969718681498973],[0.20569870062042975],[-0.7016701384806662]
[-0.5968895687113248],[0.21357476868006747],[-0.7016503618084304]
[-0.5968985167434154],[0.22074692192125894],[-0.7016449687815544]
[-0.596984604557168],[0.22732469601886654],[-0.7016521203078924]
[-0.5971367028535689],[0.23339399156405066],[-0.7016703512759005]
[-0.59734589889859],[0.2390232910842067],[-0.7016984733018135]
[-0.597604953572847],[0.24426801305836027],[-0.7017355065681193]
[-0.5979079099336589],[0.2491736135096339],[-0.7017806312416376]
[-0.5982498072322252],[0.2537778332046019],[-0.7018331522527587]
[-0.5986264690768998],[0.2581123525581185],[-0.7018924733341598]
[-0.5990343443707806],[0.2622040292180911],[-0.7019580775791066]
[-0.5994703863035434],[0.26607583692940046],[-0.7020295126626821]
[-0.5999319591438828],[0.26974758732223586],[-0.7021063794488878]
[-0.6004167656020861],[0.2732364916950743],[-0.7021883230920586]
[-0.6009227895999728],[0.2765576032752115],[-0.702275026001077]
[-0.6014482507160742],[0.2797241690779301],[-0.7023662022127889]
[-0.6019915675756815],[0.28274791259099585],[-0.7024615928444581]
[-0.6025513281652191],[0.28563926295047537],[-0.7025609623818997]
[-0.6031262655592815],[0.2884075423057086],[-0.7026640956217549]
[-0.6037152379176123],[0.291061120204462],[-0.7027707951309631]
[-0.6043172118796857],[0.29360754173392],[-0.7028808791190163]
[-0.6049312486847622],[0.2960536346047551],[-0.7029941796425866]
[-0.6055564924949906],[0.2984055992093875],[-0.7031105410800111]
[-0.6061921605121129],[0.3006690848138561],[-0.7032298188265999]
[-0.6068375345643625],[0.3028492543794264],[-0.7033518781719739]
[-0.6074919539061965],[0.3049508400009359],[-0.7034765933285041]
[-0.6081548090246309],[0.306978190554882],[-0.7036038465859987]
[-0.6088255362858167],[0.3089353128429746],[-0.7037335275725296]
[-0.609503613286802],[0.310825907275475],[-0.703865532605015]
[-0.6101885548021956],[0.31265339894766414],[-0.7039997641161237]
[-0.6108799092351488],[0.3144209648107086],[-0.7041361301464184]
[-0.6115772554978621],[0.3161315575163328],[-0.7042745438925417]
[-0.6122802002595334],[0.31778792641648035],[-0.7044149233037721]
[-0.6129883755099689],[0.3193926361195215],[-0.7045571907205115]
[-0.6137014363954627],[0.320948082939673],[-0.7047012725492808]
[-0.6144190592904214],[0.32245650952313626],[-0.7048470989696257]
[-0.6151409400738552],[0.3239200178907044],[-0.7049946036690228]
[-0.6158667925845293],[0.32534058110039854],[-0.7051437236024436]
[-0.6165963472324394],[0.3267200537036336],[-0.705294398773708]
[-0.6173293497475133],[0.3280601811433347],[-0.705446572036157]
[-0.6180655600491363],[0.32936260822141883],[-0.7056001889105052]
[-0.6188047512223792],[0.330628886745391],[-0.7057551974180213]
[-0.6195467085887213],[0.3318604824488934],[-0.7059115479274165]
[-0.6202912288606841],[0.33305878126841587],[-0.706069193014033]
[-0.6210381193711733],[0.3342250950476382],[-0.7062280873300909]
[-0.6217871973695012],[0.33536066673171905],[-0.7063881874849067]
[-0.6225382893770683],[0.33646667510601075],[-0.7065494519341227]
[-0.623291230596546],[0.3375442391269571],[-0.7067118408770969]
[-0.6240458643691433],[0.33859442188714267],[-0.7068753161617027]
[-0.6248020416751865],[0.3396182342514681],[-0.7070398411958649]
[-0.6255596206737883],[0.3406166381971005],[-0.7072053808652385]
[-0.6263184662778725],[0.34159054988609755],[-0.7073719014564946]
[-0.6270784497612316],[0.34254084249633676],[-0.7075393705857369]
[-0.6278394483946674],[0.3434683488335355],[-0.7077077571316189]
[-0.6286013451085788],[0.34437386374465634],[-0.7078770311727774]
[-0.6293640281796443],[0.3452581463508113],[-0.7080471639292337]
[-0.6301273909394927],[0.34612192211586174],[-0.7082181277074485]
[-0.6308913315034699],[0.34696588476522416],[-0.7083898958487478]
[-0.6316557525178053],[0.3477906980679048],[-0.7085624426808601]
[-0.6324205609236457],[0.3485969974934706],[-0.7087357434723336]
[-0.6331856677365789],[0.34938539175450084],[-0.7089097743896183]
[-0.6339509878403982],[0.35015646424402924],[-0.7090845124566216]
[-0.6347164397939814],[0.3509107743765699],[-0.7092599355165579]
[-0.635481945650261],[0.35164885884050184],[-0.7094360221959333]
[-0.6362474307863558],[0.3523712327688572],[-0.7096127518705158]
[-0.637012823744022],[0.3530783908349086],[-0.7097901046331555]
[-0.6377780560796522],[0.3537708082783654],[-0.7099680612633309]
[-0.6385430622231238],[0.3544489418674676],[-0.7101466031983068]
[-0.6393077793448553],[0.35511323080179674],[-0.7103257125057978]
[-0.6400721472304848],[0.3557640975601998],[-0.7105053718580414]
[-0.6408361081626369],[0.3564019486978441],[-0.7106855645071908]
[-0.6415996068092839],[0.35702717559607716],[-0.7108662742619438]
[-0.6423625901182521],[0.3576401551684566],[-0.7110474854653334]
[-0.6431250072174595],[0.3582412505260352],[-0.7112291829736064]
[-0.6438868093205007],[0.35883081160473335],[-0.711411352136128]
[-0.6446479496372319],[0.359409175757401],[-0.711593978776248]
[-0.6454083832890287],[0.3599766683129635],[-0.7117770491730739]
[-0.6461680672284192],[0.36053360310485477],[-0.711960550044099]
[-0.6469269601628171],[0.36108028297077155],[-0.7121444685286343]
[-0.647685022482097],[0.3616170002256221],[-0.7123287921720015]
[-0.6484422161897778],[0.3621440371094026],[-0.7125135089104417]
[-0.6491985048375926],[0.36266166621160184],[-0.7126986070567026]
[-0.6499538534632434],[0.36317015087361626],[-0.712884075286266]
[-0.6507082285311512],[0.36366974557054704],[-0.713069902624181]
[-0.6514615978760243],[0.36416069627365266],[-0.7132560784324715]
[-0.6522139306490846],[0.3646432407946363],[-0.7134425923980858]
[-0.6529651972667966],[0.36511760911286484],[-0.7136294345213625]
[-0.6537153693619587],[0.3655840236865383],[-0.7138165951049835]
[-0.6544644197370258],[0.36604269974875736],[-0.7140040647433916]
[-0.6552123223195367],[0.36649384558937076],[-0.7141918343126469]
[-0.6559590521195343],[0.36693766282342527],[-0.7143798949607018]
[-0.6567045851888685],[0.36737434664698376],[-0.7145682380980729]
[-0.6574488985822821],[0.36780408608102655],[-0.7147568553888911]
[-0.6581919703201845],[0.3682270642041037],[-0.7149457387423099]
[-0.6589337793530261],[0.36864345837436197],[-0.7151348803042573]
[-0.6596743055271881],[0.36905344044152943],[-0.7153242724495122]
[-0.6604135295523126],[0.3694571769494038],[-0.7155139077740922]
[-0.6611514329699975],[0.3698548293293551],[-0.7157037790879363]
[-0.6618879981237892],[0.3702465540853217],[-0.7158938794078706]
[-0.6626232081304078],[0.37063250297074835],[-0.7160842019508434]
[-0.6633570468521436],[0.3710128231578872],[-0.716274740127416]
[-0.664089498870369],[0.3713876573998573],[-0.7164654875355003]
[-0.6648205494601112],[0.3717571441858337],[-0.7166564379543304]
[-0.6655501845656336],[0.3721214178897151],[-0.716847585338658]
[-0.6662783907769816],[0.37248060891259793],[-0.7170389238131623]
[-0.6670051553074429],[0.3728348438193664],[-0.7172304476670647]
[-0.6677304659718841],[0.3731842454696881],[-0.7174221513489398]
[-0.6684543111659202],[0.37352893314369007],[-0.7176140294617137]
[-0.6691766798458801],[0.37386902266257255],[-0.7178060767578422]
[-0.6698975615095323],[0.3742046265044047],[-0.717998288134661]
[-0.6706169461775356],[0.3745358539153311],[-0.7181906586299011]
[-0.6713348243755848],[0.37486281101640645],[-0.7183831834173617]
[-0.6720511871172172],[0.37518560090626296],[-0.7185758578027357]
[-0.6727660258872552],[0.37550432375980425],[-0.7187686772195793]
[-0.6734793326258536],[0.37581907692310834],[-0.7189616372254221]
[-0.6741910997131281],[0.37612995500471313],[-0.7191547334980108]
[-0.6749013199543398],[0.3764370499634481],[-0.7193479618316814]
[-0.6756099865656109],[0.37674045119296734],[-0.7195413181338542]
[-0.6763170931601511],[0.3770402456031304],[-0.7197347984216491]
[-0.6770226337349723],[0.37733651769837123],[-0.7199283988186128]
[-0.6777266026580719],[0.3776293496531862],[-0.720122115551557]
[-0.6784289946560654],[0.37791882138486677],[-0.7203159449475012]
[-0.6791298048022498],[0.378205010623596],[-0.7205098834307168]
[-0.6798290285050812],[0.3784879929800212],[-0.720703927519869]
[-0.6805266614970493],[0.37876784201041014],[-0.7208980738252523]
[-0.6812226998239331],[0.3790446292794925],[-0.7210923190461158]
[-0.6819171398344234],[0.37931842442108393],[-0.7212866599680758]
[-0.6826099781700964],[0.3795892951965837],[-0.721481093460612]
[-0.6833012117557272],[0.3798573075514343],[-0.7216756164746436]
[-0.683990837789927],[0.38012252566962657],[-0.7218702260401847]
[-0.6846788537360939],[0.3803850120263284],[-0.7220649192640721]
[-0.685365257313665],[0.3806448274387143],[-0.7222596933277672]
[-0.6860500464896571],[0.38090203111506626],[-0.722454545485226]
[-0.6867332194704868],[0.3811566807022158],[-0.7226494730608374]
[-0.6874147746940592],[0.3814088323313918],[-0.7228444734474246]
[-0.6880947108221142],[0.3816585406625369],[-0.7230395441043103]
[-0.6887730267328219],[0.38190585892715206],[-0.7232346825554408]
[-0.6894497215136188],[0.3821508389697259],[-0.7234298863875692]
[-0.6901247944542737],[0.38239353128780335],[-0.723625153248494]
[-0.6907982450401767],[0.38263398507074536],[-0.7238204808453516]
[-0.6914700729458442],[0.38287224823722915],[-0.7240158669429616]
[-0.692140278028629],[0.38310836747153654],[-0.7242113093622224]
[-0.6928088603226322],[0.3833423882586755],[-0.7244068059785553]
[-0.6934758200328063],[0.38357435491837827],[-0.7246023547203956]
[-0.694141157529245],[0.3838043106380174],[-0.7247979535677294]
[-0.6948048733416525],[0.38403229750447976],[-0.7249936005506744]
[-0.6954669681539863],[0.3842583565350356],[-0.7251892937481033]
[-0.6961274427992667],[0.3844825277072403],[-0.7253850312863075]
[-0.6967862982545485],[0.3847048499879022],[-0.7255808113377017]
[-0.6974435356360487],[0.38492536136115146],[-0.7257766321195659]
[-0.6980991561944246],[0.3851440988556401],[-0.7259724918928252]
[-0.6987531613101988],[0.3853610985709057],[-0.7261683889608652]
[-0.6994055524893235],[0.38557639570292696],[-0.7263643216683822]
[-0.700056331358882],[0.3857900245688997],[-0.7265602884002672]
[-0.7007054996629221],[0.3860020186312606],[-0.7267562875805226]
[-0.7013530592584156],[0.38621241052098415],[-0.7269523176712099]
[-0.7019990121113423],[0.38642123206017837],[-0.7271483771714284]
[-0.7026433602928919],[0.38662851428400274],[-0.7273444646163233]
[-0.7032861059757822],[0.3868342874619316],[-0.7275405785761221]
[-0.703927251430688],[0.3870385811183851],[-0.7277367176551996]
[-0.7045667990227783],[0.3872414240527492],[-0.7279328804911687]
[-0.7052047512083577],[0.3874428443588042],[-0.7281290657539974]
[-0.7058411105316093],[0.38764286944358306],[-0.728325272145152]
[-0.7064758796214349],[0.3878415260456766],[-0.7285214983967633]
[-0.7071090611883907],[0.3880388402530055],[-0.7287177432708172]
[-0.7077406580217139],[0.38823483752007476],[-0.7289140055583683]
[-0.7083706729864393],[0.38842954268472935],[-0.7291102840787751]
[-0.7089991090206009],[0.38862297998442574],[-0.7293065776789578]
[-0.7096259691325179],[0.38881517307203567],[-0.7295028852326756]
[-0.7102512563981607],[0.38900614503119696],[-0.7296992056398256]
[-0.7108749739585961],[0.38919591839122614],[-0.7298955378257602]
[-0.711497125017508],[0.3893845151416062],[-0.7300918807406245]
[-0.7121177128387912],[0.38957195674606365],[-0.7302882333587111]
[-0.7127367407442179],[0.38975826415624726],[-0.7304845946778341]
[-0.7133542121111718],[0.38994345782502154],[-0.7306809637187194]
[-0.7139701303704505],[0.3901275577193863],[-0.7308773395244121]
[-0.7145844990041325],[0.3903105833330346],[-0.731073721159701]
[-0.7151973215435068],[0.3904925536985598],[-0.7312701077105576]
[-0.7158086015670647],[0.39067348739932295],[-0.7314664982835914]
[-0.71641834269855],[0.3908534025809906],[-0.7316628920055209]
[-0.7170265486050674],[0.39103231696275326],[-0.731859288022657]
[-0.7176332229952466],[0.39121024784823427],[-0.7320556855004025]
[-0.7182383696174601],[0.39138721213609834],[-0.732252083622764]
[-0.7188419922580946],[0.39156322633036916],[-0.7324484815918778]
[-0.7194440947398726],[0.3917383065504645],[-0.7326448786275485]
[-0.7200446809202234],[0.3919124685409571],[-0.7328412739667998]
[-0.7206437546897037],[0.3920857276810706],[-0.7330376668634377]
[-0.7212413199704623],[0.39225809899391656],[-0.733234056587626]
[-0.7218373807147527],[0.3924295971554824],[-0.7334304424254717]
[-0.7224319409034882],[0.3926002365033758],[-0.7336268236786238]
[-0.72302500454484],[0.3927700310453336],[-0.7338231996638805]
[-0.7236165756728767],[0.39293899446750236],[-0.7340195697128093]
[-0.7242066583462446],[0.39310714014249654],[-0.7342159331713751]
[-0.7247952566468863],[0.39327448113724106],[-0.7344122893995798]
[-0.7253823746787977],[0.3934410302206048],[-0.7346086377711107]
[-0.7259680165668224],[0.39360679987083064],[-0.7348049776729988]
[-0.7265521864554807],[0.39377180228276837],[-0.7350013085052853]
[-0.7271348885078346],[0.39393604937491555],[-0.7351976296806982]
[-0.7277161269043857],[0.39409955279627246],[-0.7353939406243367]
[-0.7282959058420067],[0.3942623239330159],[-0.7355902407733638]
[-0.7288742295329043],[0.3944243739149975],[-0.7357865295767075]
[-0.7294511022036132],[0.39458571362207107],[-0.73598280649477]
[-0.7300265280940204],[0.3947463536902541],[-0.7361790709991437]
[-0.7306005114564186],[0.3949063045177282],[-0.7363753225723356]
[-0.7311730565545881],[0.39506557627068223],[-0.7365715607074985]
[-0.7317441676629062],[0.39522417888900413],[-0.7367677849081694]
[-0.7323138490654838],[0.3953821220918237],[-0.7369639946880147]
[-0.7328821050553277],[0.3955394153829122],[-0.7371601895705818]
[-0.7334489399335286],[0.3956960680559415],[-0.7373563690890579]
[-0.7340143580084733],[0.3958520891996076],[-0.7375525327860342]
[-0.7345783635950817],[0.3960074877026219],[-0.7377486802132769]
[-0.7351409610140662],[0.39616227225857326],[-0.737944810931504]
[-0.7357021545912142],[0.39631645137066585],[-0.7381409245101677]
[-0.7362619486566925],[0.39647003335633474],[-0.7383370205272424]
[-0.736820347544373],[0.3966230263517434],[-0.7385330985690189]
[-0.7373773555911797],[0.39677543831616624],[-0.7387291582299031]
[-0.7379329771364551],[0.3969272770362589],[-0.73892519911222]
[-0.7384872165213471],[0.39707855013022],[-0.7391212208260233]
[-0.7390400780882143],[0.39722926505184647],[-0.7393172229889093]
[-0.7395915661800504],[0.39737942909448665],[-0.7395132052258363]
[-0.7401416851399263],[0.39752904939489203],[-0.7397091671689476]
[-0.74069043931045],[0.3976781329369722],[-0.7399051084574002]
[-0.7412378330332434],[0.3978266865554544],[-0.7401010287371969]
[-0.7417838706484362],[0.397974716939451],[-0.7402969276610233]
[-0.742328556494175],[0.3981222306359367],[-0.7404928048880891]
[-0.7428718949061489],[0.39826923405313824],[-0.7406886600839728]
[-0.7434138902171303],[0.3984157334638391],[-0.7408844929204709]
[-0.74395454675653],[0.3985617350086009],[-0.7410803030754506]
[-0.7444938688499675],[0.39870724469890473],[-0.7412760902327066]
[-0.7450318608188544],[0.3988522684202127],[-0.7414718540818215]
[-0.7455685269799925],[0.39899681193495423],[-0.7416675943180292]
[-0.7461038716451844],[0.39914088088543687],[-0.7418633106420826]
[-0.7466378991208571],[0.39928448079668505],[-0.7420590027601238]
[-0.7471706137076985],[0.39942761707920815],[-0.7422546703835587]
[-0.747702019700306],[0.39957029503169944],[-0.7424503132289333]
[-0.7482321213868466],[0.3997125198436684],[-0.7426459310178144]
[-0.7487609230487288],[0.3998542965980076],[-0.7428415234766726]
[-0.7492884289602858],[0.39999563027349605],[-0.7430370903367687]
[-0.7498146433884698],[0.4001365257472407],[-0.7432326313340424]
[-0.7503395705925561],[0.40027698779705756],[-0.7434281462090045]
[-0.7508632148238583],[0.4004170211037942],[-0.7436236347066312]
[-0.7513855803254536],[0.4005566302535949],[-0.7438190965762612]
[-0.7519066713319168],[0.40069581974011037],[-0.7440145315714958]
[-0.7524264920690653],[0.40083459396665283],[-0.7442099394501008]
[-0.752945046753712],[0.4009729572482983],[-0.7444053199739116]
[-0.7534623395934277],[0.40111091381393754],[-0.7446006729087397]
[-0.7539783747863126],[0.40124846780827667],[-0.7447959980242826]
[-0.7544931565207756],[0.40138562329378863],[-0.7449912950940357]
[-0.7550066889753224],[0.4015223842526174],[-0.7451865638952053]
[-0.755518976318351],[0.40165875458843553],[-0.7453818042086254]
[-0.7560300227079554],[0.4017947381282564],[-0.7455770158186755]
[-0.756539832291737],[0.40193033862420235],[-0.7457721985132008]
[-0.7570484092066233],[0.40206555975523],[-0.7459673520834339]
[-0.7575557575786931],[0.40220040512881344],[-0.7461624763239195]
[-0.7580618815230097],[0.4023348782825866],[-0.7463575710324399]
[-0.7585667851434602],[0.4024689826859463],[-0.7465526360099429]
[-0.7590704725326015],[0.4026027217416155],[-0.7467476710604712]
[-0.7595729477715127],[0.40273609878716987],[-0.7469426759910937]
[-0.7600742149296539],[0.40286911709652673],[-0.7471376506118385]
[-0.7605742780647307],[0.4030017798813984],[-0.7473325947356274]
[-0.7610731412225648],[0.4031340902927103],[-0.7475275081782125]
[-0.7615708084369703],[0.40326605142198513],[-0.7477223907581133]
[-0.7620672837296357],[0.4033976663026936],[-0.7479172422965567]
[-0.7625625711100106],[0.4035289379115727],[-0.7481120626174173]
[-0.7630566745751983],[0.40365986916991253],[-0.7483068515471598]
[-0.7635495981098539],[0.403790462944812],[-0.7485016089147828]
[-0.7640413456860858],[0.4039207220504047],[-0.7486963345517637]
[-0.7645319212633638],[0.4040506492490549],[-0.7488910282920048]
[-0.7650213287884302],[0.404180247252526],[-0.7490856899717816]
[-0.7655095721952173],[0.4043095187231198],[-0.7492803194296911]
[-0.7659966554047672],[0.40443846627478963],[-0.7494749165066025]
[-0.7664825823251579],[0.40456709247422623],[-0.7496694810456082]
[-0.7669673568514317],[0.4046953998419183],[-0.7498640128919767]
[-0.7674509828655293],[0.4048233908531875],[-0.7500585118931061]
[-0.7679334642362265],[0.4049510679391988],[-0.7502529778984791]
[-0.768414804819076],[0.40507843348794714],[-0.7504474107596187]
[-0.7688950084563511],[0.4052054898452203],[-0.7506418103300456]
[-0.7693740789769948],[0.4053322393155394],[-0.7508361764652358]
[-0.7698520201965718],[0.40545868416307673],[-0.7510305090225801]
[-0.7703288359172232],[0.405584826612552],[-0.7512248078613437]
[-0.7708045299276252],[0.4057106688501075],[-0.7514190728426275]
[-0.7712791060029507],[0.4058362130241623],[-0.75161330382933]
[-0.7717525679048345],[0.4059614612462469],[-0.7518075006861099]
[-0.7722249193813406],[0.4060864155918174],[-0.7520016632793501]
[-0.7726961641669333],[0.4062110781010512],[-0.7521957914771225]
[-0.7731663059824505],[0.4063354507796235],[-0.7523898851491526]
[-0.77363534853508],[0.4064595355994659],[-0.7525839441667869]
[-0.7741032955183386],[0.40658333449950684],[-0.7527779684029592]
[-0.7745701506120536],[0.40670684938639495],[-0.7529719577321587]
[-0.7750359174823467],[0.4068300821352054],[-0.7531659120303988]
[-0.7755005997816204],[0.4069530345901294],[-0.7533598311751862]
[-0.7759642011485474],[0.407075708565148],[-0.7535537150454912]
[-0.7764267252080608],[0.40719810584469],[-0.7537475635217182]
[-0.7768881755713481],[0.40732022818427427],[-0.7539413764856778]
[-0.7773485558358466],[0.40744207731113713],[-0.7541351538205584]
[-0.7778078695852405],[0.40756365492484553],[-0.7543288954108992]
[-0.778266120389461],[0.4076849626978954],[-0.7545226011425639]
[-0.7787233118046872],[0.4078060022762963],[-0.7547162709027144]
[-0.7791794473733504],[0.4079267752801426],[-0.754909904579786]
[-0.7796345306241383],[0.408047283304171],[-0.7551035020634624]
[-0.7800885650720029],[0.4081675279183056],[-0.7552970632446515]
[-0.7805415542181684],[0.4082875106681899],[-0.7554905880154621]
[-0.7809935015501422],[0.40840723307570687],[-0.7556840762691808]
[-0.781444410541727],[0.40852669663948643],[-0.7558775279002493]
[-0.7818942846530335],[0.40864590283540186],[-0.7560709428042431]
[-0.7823431273304964],[0.4087648531170541],[-0.7562643208778494]
[-0.7827909420068904],[0.4088835489162455],[-0.7564576620188466]
[-0.7832377321013482],[0.4090019916434418],[-0.7566509661260834]
[-0.7836835010193799],[0.4091201826882245],[-0.7568442330994596]
[-0.7841282521528935],[0.40923812341973176],[-0.7570374628399058]
[-0.784571988880217],[0.40935581518709013],[-0.757230655249365]
[-0.785014714566121],[0.40947325931983547],[-0.7574238102307734]
[-0.7854564325618437],[0.4095904571283248],[-0.7576169276880428]
[-0.7858971462051156],[0.4097074099041385],[-0.7578100075260424]
[-0.7863368588201868],[0.40982411892047327],[-0.7580030496505817]
[-0.7867755737178539],[0.4099405854325261],[-0.7581960539683934]
[-0.7872132941954892],[0.4100568106778694],[-0.758389020387117]
[-0.7876500235370701],[0.4101727958768178],[-0.7585819488152824]
[-0.7880857650132098],[0.4102885422327861],[-0.7587748391622945]
[-0.7885205218811887],[0.41040405093263943],[-0.7589676913384171]
[-0.7889542973849869],[0.4105193231470353],[-0.7591605052547586]
[-0.7893870947553177],[0.41063436003075804],[-0.7593532808232566]
[-0.7898189172096611],[0.4107491627230452],[-0.7595460179566637]
[-0.7902497679522996],[0.4108637323479068],[-0.7597387165685334]
[-0.790679650174353],[0.4109780700144374],[-0.7599313765732068]
[-0.7911085670538154],[0.411092176817121],[-0.7601239978857981]
[-0.791536521755592],[0.4112060538361289],[-0.7603165804221824]
[-0.791963517431537],[0.4113197021376109],[-0.7605091240989826]
[-0.7923895572204922],[0.4114331227739799],[-0.7607016288335566]
[-0.7928146442483256],[0.4115463167841903],[-0.7608940945439853]
[-0.7932387816279717],[0.4116592851940095],[-0.7610865211490602]
[-0.7936619724594713],[0.41177202901628407],[-0.7612789085682721]
[-0.7940842198300126],[0.41188454925119905],[-0.7614712567217996]
[-0.7945055268139722],[0.41199684688653215],[-0.7616635655304975]
[-0.7949258964729572],[0.41210892289790185],[-0.7618558349158864]
[-0.7953453318558473],[0.41222077824900993],[-0.7620480648001412]
[-0.7957638359988379],[0.4123324138918787],[-0.7622402551060815]
[-0.7961814119254832],[0.4124438307670827],[-0.7624324057571606]
[-0.7965980626467395],[0.4125550298039753],[-0.7626245166774561]
[-0.7970137911610098],[0.41266601192091035],[-0.7628165877916597]
[-0.7974286004541878],[0.4127767780254587],[-0.7630086190250677]
[-0.7978424934997032],[0.4128873290146199],[-0.7632006103035714]
[-0.7982554732585658],[0.41299766577502905],[-0.7633925615536487]
[-0.7986675426794123],[0.41310778918315944],[-0.7635844727023541]
[-0.799078704698551],[0.4132177001055202],[-0.7637763436773107]
[-0.7994889622400084],[0.4133273993988499],[-0.7639681744067014]
[-0.7998983182155756],[0.4134368879103054],[-0.7641599648192603]
[-0.8003067755248542],[0.41354616647764725],[-0.7643517148442648]
[-0.8007143370553041],[0.41365523592942],[-0.7645434244115273]
[-0.80112100568229],[0.4137640970851294],[-0.7647350934513878]
[-0.8015267842691287],[0.4138727507554151],[-0.7649267218947055]
[-0.8019316756671367],[0.41398119774221964],[-0.7651183096728518]
[-0.802335682715678],[0.41408943883895405],[-0.7653098567177028]
[-0.8027388082422118],[0.4141974748306592],[-0.7655013629616322]
[-0.8031410550623402],[0.41430530649416414],[-0.7656928283375041]
[-0.8035424259798573],[0.4144129345982406],[-0.7658842527786661]
[-0.8039429237867963],[0.4145203599037541],[-0.7660756362189428]
[-0.8043425512634791],[0.414627583163812],[-0.7662669785926289]
[-0.8047413111785637],[0.41473460512390803],[-0.7664582798344828]
[-0.8051392062890939],[0.4148414265220638],[-0.7666495398797204]
[-0.8055362393405471],[0.41494804808896707],[-0.7668407586640088]
[-0.8059324130668839],[0.41505447054810707],[-0.7670319361234602]
[-0.8063277301905966],[0.41516069461590693],[-0.7672230721946262]
[-0.806722193422758],[0.4152667210018531],[-0.7674141668144916]
[-0.8071158054630708],[0.41537255040862187],[-0.7676052199204692]
[-0.8075085689999165],[0.41547818353220345],[-0.7677962314503937]
[-0.8079004867104043],[0.415583621062023],[-0.7679872013425166]
[-0.8082915612604202],[0.41568886368105923],[-0.7681781295355009]
[-0.8086817953046767],[0.4157939120659603],[-0.7683690159684156]
[-0.809071191486761],[0.4158987668871572],[-0.7685598605807304]
[-0.8094597524391849],[0.416003428808975],[-0.7687506633123117]
[-0.8098474807834335],[0.4161078984897411],[-0.7689414241034163]
[-0.8102343791300146],[0.4162121765818917],[-0.7691321428946875]
[-0.8106204500785076],[0.4163162637320756],[-0.7693228196271502]
[-0.8110056962176124],[0.41642016058125597],[-0.7695134542422063]
[-0.811390120125199],[0.4165238677648098],[-0.7697040466816298]
[-0.8117737243683557],[0.4166273859126253],[-0.7698945968875629]
[-0.8121565115034389],[0.41673071564919717],[-0.7700851048025114]
[-0.8125384840761212],[0.41683385759371966],[-0.7702755703693402]
[-0.8129196446214405],[0.4169368123601781],[-0.7704659935312699]
[-0.8132999956638491],[0.41703958055743795],[-0.7706563742318716]
[-0.8136795397172619],[0.4171421627893322],[-0.770846712415064]
[-0.8140582792851052],[0.4172445596547469],[-0.7710370080251084]
[-0.8144362168603653],[0.4173467717477048],[-0.7712272610066061]
[-0.8148133549256368],[0.4174487996574473],[-0.7714174713044933]
[-0.815189695953171],[0.41755064396851455],[-0.7716076388640384]
[-0.8155652424049243],[0.4176523052608239],[-0.7717977636308377]
[-0.8159399967326062],[0.4177537841097468],[-0.7719878455508126]
[-0.8163139613777272],[0.4178550810861837],[-0.7721778845702051]
[-0.8166871387716469],[0.41795619675663787],[-0.7723678806355753]
[-0.817059531335622],[0.4180571316832874],[-0.7725578336937976]
[-0.8174311414808539],[0.4181578864240555],[-0.7727477436920575]
[-0.817801971608536],[0.4182584615326797],[-0.7729376105778483]
[-0.8181720241099013],[0.41835885755877944],[-0.773127434298968]
[-0.8185413013662701],[0.418459075047922],[-0.7733172148035163]
[-0.8189098057490969],[0.4185591145416876],[-0.7735069520398914]
[-0.8192775396200173],[0.41865897657773243],[-0.7736966459567868]
[-0.8196445053308952],[0.41875866168985104],[-0.773886296503189]
[-0.8200107052238695],[0.41885817040803697],[-0.774075903628374]
[-0.8203761416314008],[0.41895750325854236],[-0.7742654672819047]
[-0.820740816876318],[0.4190566607639361],[-0.7744549874136284]
[-0.821104733271864],[0.4191556434431611],[-0.7746444639736736]
[-0.821467893121743],[0.41925445181158993],[-0.7748338969124475]
[-0.8218302987201656],[0.41935308638107993],[-0.7750232861806337]
[-0.8221919523518952],[0.41945154766002646],[-0.775212631729189]
[-0.8225528562922937],[0.41954983615341557],[-0.7754019335093415]
[-0.8229130128073665],[0.41964795236287544],[-0.7755911914725878]
[-0.8232724241538089],[0.41974589678672664],[-0.7757804055706906]
[-0.8236310925790504],[0.41984366992003164],[-0.7759695757556763]
[-0.8239890203213006],[0.4199412722546429],[-0.7761587019798325]
[-0.8243462096095934],[0.42003870427925044],[-0.7763477841957062]
[-0.824702662663832],[0.4201359664794281],[-0.7765368223561009]
[-0.8250583816948337],[0.4202330593376789],[-0.7767258164140748]
[-0.825413368904374],[0.4203299833334798],[-0.7769147663229384]
[-0.825767626485231],[0.42042673894332505],[-0.7771036720362526]
[-0.8261211566212295],[0.42052332664076897],[-0.7772925335078262]
[-0.8264739614872846],[0.42061974689646786],[-0.7774813506917142]
[-0.8268260432494454],[0.42071600017822103],[-0.7776701235422154]
[-0.8271774040649391],[0.42081208695101097],[-0.7778588520138707]
[-0.8275280460822135],[0.42090800767704273],[-0.778047536061461]
[-0.8278779714409807],[0.42100376281578245],[-0.7782361756400055]
[-0.82822718227226],[0.42109935282399535],[-0.778424770704759]
[-0.8285756806984204],[0.42119477815578266],[-0.7786133212112112]
[-0.8289234688332235],[0.42129003926261793],[-0.7788018271150839]
[-0.829270548781866],[0.42138513659338284],[-0.7789902883723298]
[-0.8296169226410215],[0.4214800705944019],[-0.77917870493913]
[-0.8299625924988829],[0.4215748417094767],[-0.7793670767718932]
[-0.8303075604352043],[0.42166945037991954],[-0.7795554038272533]
[-0.8306518285213422],[0.4217638970445863],[-0.7797436860620678]
[-0.8309953988202977],[0.4218581821399085],[-0.7799319234334163]
[-0.8313382733867571],[0.42195230609992523],[-0.7801201158985988]
[-0.8316804542671336],[0.4220462693563138],[-0.7803082634151338]
[-0.8320219434996076],[0.42214007233842027],[-0.7804963659407574]
[-0.8323627431141679],[0.4222337154732893],[-0.780684423433421]
[-0.8327028551326522],[0.4223271991856932],[-0.7808724358512902]
[-0.8330422815687871],[0.4224205238981608],[-0.7810604031527428]
[-0.8333810244282287],[0.42251369003100536],[-0.7812483252963681]
[-0.8337190857086022],[0.42260669800235207],[-0.7814362022409648]
[-0.834056467399542],[0.4226995482281653],[-0.7816240339455395]
[-0.8343931714827308],[0.422792241122275],[-0.7818118203693059]
[-0.8347291999319397],[0.42288477709640254],[-0.7819995614716826]
[-0.8350645547130666],[0.4229771565601865],[-0.7821872572122925]
[-0.8353992377841759],[0.42306937992120736],[-0.7823749075509608]
[-0.8357332510955368],[0.42316144758501245],[-0.7825625124477139]
[-0.8360665965896622],[0.4232533599551396],[-0.7827500718627781]
[-0.8363992762013472],[0.423345117433141],[-0.7829375857565785]
[-0.8367312918577072],[0.42343672041860647],[-0.7831250540897371]
[-0.8370626454782158],[0.4235281693091859],[-0.7833124768230721]
[-0.8373933389747431],[0.4236194645006119],[-0.7834998539175967]
[-0.8377233742515929],[0.42371060638672137],[-0.7836871853345173]
[-0.8380527532055406],[0.4238015953594773],[-0.7838744710352329]
[-0.8383814777258701],[0.4238924318089897],[-0.7840617109813335]
[-0.8387095496944111],[0.4239831161235364],[-0.784248905134599]
[-0.8390369709855763],[0.42407364868958314],[-0.7844360534569982]
[-0.8393637434663974],[0.42416402989180396],[-0.7846231559106875]
[-0.8396898689965624],[0.42425426011310036],[-0.7848102124580101]
[-0.8400153494284515],[0.4243443397346207],[-0.784997223061494]
[-0.8403401866071732],[0.4244342691357792],[-0.785184187683852]
[-0.8406643823706009],[0.4245240486942742],[-0.78537110628798]
[-0.8409879385494079],[0.42461367878610656],[-0.7855579788369559]
[-0.8413108569671033],[0.4247031597855976],[-0.7857448052940388]
[-0.8416331394400676],[0.42479249206540637],[-0.7859315856226678]
[-0.8419547877775877],[0.4248816759965472],[-0.7861183197864612]
[-0.8422758037818922],[0.42497071194840635],[-0.786305007749215]
[-0.8425961892481858],[0.4250596002887589],[-0.7864916494749022]
[-0.8429159459646844],[0.4251483413837848],[-0.7866782449276721]
[-0.8432350757126496],[0.4252369355980853],[-0.7868647940718488]
[-0.8435535802664222],[0.4253253832946982],[-0.7870512968719305]
[-0.8438714613934579],[0.4254136848351139],[-0.7872377532925885]
[-0.8441887208543597],[0.4255018405792901],[-0.7874241632986662]
[-0.8445053604029122],[0.4255898508856671],[-0.7876105268551782]
[-0.8448213817861158],[0.4256777161111824],[-0.7877968439273095]
[-0.8451367867442189],[0.425765436611285],[-0.7879831144804146]
[-0.8454515770107522],[0.42585301273994985],[-0.7881693384800161]
[-0.8457657543125613],[0.4259404448496915],[-0.7883555158918047]
[-0.8460793203698393],[0.42602773329157806],[-0.7885416466816376]
[-0.84639227689616],[0.4261148784152445],[-0.7887277308155378]
[-0.8467046255985101],[0.4262018805689059],[-0.7889137682596934]
[-0.8470163681773215],[0.4262887400993707],[-0.7890997589804566]
[-0.8473275063265037],[0.4263754573520531],[-0.7892857029443431]
[-0.8476380417334755],[0.4264620326709862],[-0.7894716001180309]
[-0.847947976079197],[0.4265484663988337],[-0.7896574504683598]
[-0.8482573110382012],[0.4266347588769026],[-0.7898432539623303]
[-0.8485660482786255],[0.42672091044515503],[-0.7900290105671034]
[-0.8488741894622427],[0.4268069214422199],[-0.7902147202499988]
[-0.8491817362444926],[0.42689279220540455],[-0.7904003829784951]
[-0.8494886902745125],[0.4269785230707062],[-0.7905859987202285]
[-0.8497950531951682],[0.42706411437282316],[-0.7907715674429922]
[-0.8501008266430847],[0.42714956644516566],[-0.7909570891147355]
[-0.8504060122486763],[0.42723487961986695],[-0.7911425637035633]
[-0.8507106116361772],[0.4273200542277938],[-0.791327991177735]
[-0.8510146264236714],[0.4274050905985571],[-0.7915133715056641]
[-0.8513180582231229],[0.42748998906052205],[-0.7916987046559175]
[-0.851620908640405],[0.42757474994081857],[-0.7918839905972144]
[-0.8519231792753303],[0.427659373565351],[-0.7920692292984257]
[-0.8522248717216804],[0.4277438602588083],[-0.7922544207285739]
[-0.8525259875672342],[0.42782821034467333],[-0.7924395648568313]
[-0.852826528393798],[0.42791242414523284],[-0.7926246616525204]
[-0.8531264957772342],[0.42799650198158656],[-0.7928097110851126]
[-0.8534258912874897],[0.42808044417365654],[-0.7929947131242274]
[-0.8537247164886249],[0.42816425104019623],[-0.7931796677396324]
[-0.8540229729388423],[0.42824792289879965],[-0.793364574901242]
[-0.8543206621905144],[0.4283314600659099],[-0.7935494345791169]
[-0.854617785790212],[0.4284148628568281],[-0.7937342467434635]
[-0.8549143452787324],[0.428498131585722],[-0.7939190113646335]
[-0.8552103421911273],[0.428581266565634],[-0.7941037284131228]
[-0.8555057780567301],[0.4286642681084902],[-0.7942883978595713]
[-0.8558006543991836],[0.4287471365251078],[-0.7944730196747618]
[-0.8560949727364676],[0.4288298721252039],[-0.7946575938296198]
[-0.8563887345809259],[0.4289124752174028],[-0.7948421202952126]
[-0.8566819414392933],[0.4289949461092443],[-0.795026599042749]
[-0.8569745948127229],[0.42907728510719134],[-0.7952110300435783]
[-0.8572666961968123],[0.4291594925166374],[-0.7953954132691899]
[-0.8575582470816309],[0.42924156864191415],[-0.795579748691213]
[-0.8578492489517459],[0.429323513786299],[-0.7957640362814152]
[-0.8581397032862488],[0.4294053282520222],[-0.795948276011703]
[-0.8584296115587815],[0.429487012340274],[-0.7961324678541202]
[-0.8587189752375625],[0.42956856635121177],[-0.7963166117808479]
[-0.8590077957854123],[0.4296499905839672],[-0.7965007077642039]
[-0.8592960746597801],[0.4297312853366529],[-0.7966847557766419]
[-0.8595838133127682],[0.4298124509063693],[-0.796868755790751]
[-0.8598710131911586],[0.4298934875892116],[-0.7970527077792554]
[-0.8601576757364373],[0.42997439568027584],[-0.7972366117150136]
[-0.8604438023848203],[0.43005517547366595],[-0.7974204675710178]
[-0.8607293945672781],[0.43013582726249994],[-0.7976042753203936]
[-0.8610144537095609],[0.4302163513389163],[-0.7977880349363992]
[-0.8612989812322229],[0.43029674799408013],[-0.797971746392425]
[-0.8615829785506476],[0.43037701751818963],[-0.798155409661993]
[-0.8618664470750717],[0.4304571602004819],[-0.7983390247187566]
[-0.8621493882106095],[0.4305371763292391],[-0.7985225915364995]
[-0.8624318033572775],[0.43061706619179435],[-0.7987061100891355]
[-0.8627136939100181],[0.4306968300745376],[-0.7988895803507081]
[-0.8629950612587234],[0.4307764682629214],[-0.7990730022953898]
[-0.8632759067882595],[0.4308559810414667],[-0.7992563758974817]
[-0.8635562318784897],[0.4309353686937685],[-0.7994397011314126]
[-0.8638360379042983],[0.4310146315025011],[-0.7996229779717393]
[-0.8641153262356137],[0.43109376974942404],[-0.7998062063931455]
[-0.8643940982374321],[0.43117278371538736],[-0.7999893863704413]
[-0.8646723552698401],[0.4312516736803369],[-0.8001725178785628]
[-0.8649500986880382],[0.4313304399233196],[-0.800355600892572]
[-0.8652273298423634],[0.43140908272248885],[-0.8005386353876556]
[-0.8655040500783121],[0.4314876023551095],[-0.8007216213391252]
[-0.8657802607365624],[0.43156599909756327],[-0.8009045587224163]
[-0.866055963152997],[0.4316442732253533],[-0.8010874475130882]
[-0.8663311586587255],[0.43172242501310965],[-0.8012702876868234]
[-0.866605848580106],[0.43180045473459383],[-0.8014530792194269]
[-0.8668800342387685],[0.43187836266270396],[-0.801635822086826]
[-0.8671537169516355],[0.4319561490694794],[-0.8018185162650702]
[-0.8674268980309449],[0.4320338142261055],[-0.8020011617303296]
[-0.8676995787842711],[0.4321113584029185],[-0.8021837584588958]
[-0.867971760514547],[0.4321887818694099],[-0.8023663064271804]
[-0.8682434445200855],[0.43226608489423124],[-0.8025488056117154]
[-0.8685146320946006],[0.43234326774519866],[-0.8027312559891517]
[-0.8687853245272288],[0.43242033068929725],[-0.80291365753626]
[-0.8690555231025505],[0.4324972739926855],[-0.803096010229929]
[-0.8693252291006106],[0.4325740979206999],[-0.8032783140471661]
[-0.8695944437969397],[0.43265080273785905],[-0.8034605689650961]
[-0.8698631684625749],[0.43272738870786803],[-0.8036427749609613]
[-0.8701314043640803],[0.4328038560936227],[-0.8038249320121207]
[-0.8703991527635676],[0.43288020515721387],[-0.8040070400960501]
[-0.8706664149187168],[0.43295643615993135],[-0.8041890991903411]
[-0.8709331920827962],[0.4330325493622682],[-0.8043711092727011]
[-0.8711994855046828],[0.4331085450239248],[-0.8045530703209525]
[-0.8714652964288826],[0.43318442340381286],[-0.8047349823130325]
[-0.87173062609555],[0.43326018476005923],[-0.8049168452269929]
[-0.8719954757405082],[0.43333582935001014],[-0.8050986590409993]
[-0.8722598465952689],[0.43341135743023484],[-0.8052804237333308]
[-0.872523739887052],[0.4334867692565296],[-0.8054621392823796]
[-0.8727871568388049],[0.4335620650839216],[-0.8056438056666508]
[-0.8730500986692222],[0.43363724516667246],[-0.8058254228647618]
[-0.873312566592765],[0.43371230975828223],[-0.8060069908554417]
[-0.87357456181968],[0.4337872591114931],[-0.8061885096175314]
[-0.8738360855560187],[0.43386209347829274],[-0.8063699791299829]
[-0.8740971390036565],[0.4339368131099184],[-0.8065513993718586]
[-0.8743577233603117],[0.4340114182568602],[-0.8067327703223317]
[-0.8746178398195639],[0.43408590916886475],[-0.8069140919606852]
[-0.8748774895708731],[0.43416028609493884],[-0.8070953642663115]
[-0.8751366737995983],[0.43423454928335264],[-0.8072765872187123]
[-0.8753953936870157],[0.4343086989816435],[-0.8074577607974981]
[-0.8756536504103375],[0.4343827354366191],[-0.8076388849823879]
[-0.8759114451427298],[0.434456658894361],[-0.8078199597532085]
[-0.876168779053331],[0.434530469600228],[-0.8080009850898946]
[-0.8764256533072701],[0.4346041677988594],[-0.808181960972488]
[-0.8766820690656841],[0.43467775373417844],[-0.8083628873811374]
[-0.8769380274857367],[0.4347512276493954],[-0.8085437642960982]
[-0.8771935297206354],[0.43482458978701094],[-0.8087245916977319]
[-0.8774485769196496],[0.4348978403888194],[-0.8089053695665057]
[-0.8777031702281282],[0.4349709796959118],[-0.8090860978829923]
[-0.8779573107875167],[0.4350440079486792],[-0.8092667766278695]
[-0.8782109997353753],[0.4351169253868156],[-0.8094474057819196]
[-0.8784642382053957],[0.43518973224932134],[-0.8096279853260296]
[-0.8787170273274182],[0.4352624287745059],[-0.8098085152411902]
[-0.8789693682274494],[0.435335015199991],[-0.8099889955084958]
[-0.8792212620276789],[0.4354074917627139],[-0.810169426109144]
[-0.8794727098464962],[0.43547985869893013],[-0.8103498070244354]
[-0.8797237127985076],[0.43555211624421636],[-0.8105301382357731]
[-0.879974271994553],[0.4356242646334737],[-0.8107104197246626]
[-0.8802243885417227],[0.4356963041009303],[-0.810890651472711]
[-0.8804740635433737],[0.43576823488014454],[-0.811070833461627]
[-0.8807232980991462],[0.4358400572040076],[-0.8112509656732205]
[-0.8809720933049803],[0.43591177130474656],[-0.8114310480894024]
[-0.881220450253132],[0.4359833774139271],[-0.8116110806921837]
[-0.8814683700321897],[0.4360548757624564],[-0.8117910634636758]
[-0.88171585372709],[0.43612626658058573],[-0.8119709963860899]
[-0.8819629024191341],[0.43619755009791356],[-0.8121508794417368]
[-0.8822095171860033],[0.4362687265433879],[-0.812330712613026]
[-0.8824556991017753],[0.4363397961453093],[-0.8125104958824663]
[-0.8827014492369399],[0.4364107591313335],[-0.8126902292326645]
[-0.8829467686584146],[0.43648161572847394],[-0.812869912646326]
[-0.8831916584295602],[0.4365523661631046],[-0.8130495461062537]
[-0.8834361196101962],[0.43662301066096265],[-0.8132291295953479]
[-0.8836801532566168],[0.43669354944715094],[-0.8134086630966063]
[-0.8839237604216055],[0.4367639827461406],[-0.8135881465931234]
[-0.884166942154451],[0.4368343107817737],[-0.8137675800680901]
[-0.8844096995009623],[0.4369045337772658],[-0.8139469635047936]
[-0.8846520335034832],[0.43697465195520846],[-0.8141262968866168]
[-0.8848939452009082],[0.43704466553757176],[-0.8143055801970381]
[-0.8851354356286971],[0.43711457474570675],[-0.8144848134196315]
[-0.8853765058188897],[0.4371843798003481],[-0.8146639965380655]
[-0.8856171568001207],[0.43725408092161633],[-0.8148431295361035]
[-0.8858573895976345],[0.43732367832902047],[-0.8150222123976029]
[-0.8860972052332998],[0.4373931722414604],[-0.8152012451065151]
[-0.8863366047256244],[0.4374625628772293],[-0.8153802276468856]
[-0.886575589089769],[0.4375318504540158],[-0.8155591600028526]
[-0.8868141593375622],[0.4376010351889069],[-0.8157380421586476]
[-0.8870523164775149],[0.4376701172983898],[-0.8159168740985951]
[-0.8872900615148341],[0.43773909699835445],[-0.8160956558071117]
[-0.8875273954514373],[0.437807974504096],[-0.8162743872687063]
[-0.8877643192859667],[0.4378767500303169],[-0.8164530684679794]
[-0.8880008340138029],[0.43794542379112933],[-0.8166316993896232]
[-0.8882369406270794],[0.4380139960000575],[-0.8168102800184212]
[-0.8884726401146957],[0.4380824668700399],[-0.8169888103392475]
[-0.8887079334623321],[0.4381508366134313],[-0.8171672903370671]
[-0.8889428216524624],[0.4382191054420055],[-0.8173457199969354]
[-0.8891773056643684],[0.4382872735669571],[-0.8175240993039975]
[-0.8894113864741527],[0.438355341198904],[-0.8177024282434884]
[-0.8896450650547532],[0.43842330854788936],[-0.8178807068007325]
[-0.8898783423759553],[0.4384911758233839],[-0.8180589349611437]
[-0.8901112194044065],[0.4385589432342882],[-0.8182371127102241]
[-0.8903436971036289],[0.4386266109889345],[-0.818415240033565]
[-0.8905757764340327],[0.4386941792950893],[-0.8185933169168457]
[-0.8908074583529294],[0.43876164835995507],[-0.8187713433458333]
[-0.8910387438145447],[0.4388290183901726],[-0.818949319306383]
[-0.8912696337700319],[0.438896289591823],[-0.8191272447844373]
[-0.8915001291674843],[0.43896346217042986],[-0.8193051197660257]
[-0.8917302309519486],[0.4390305363309613],[-0.8194829442372646]
[-0.8919599400654374],[0.43909751227783195],[-0.8196607181843573]
[-0.8921892574469422],[0.4391643902149051],[-0.8198384415935928]
[-0.8924181840324458],[0.4392311703454947],[-0.8200161144513466]
[-0.8926467207549351],[0.4392978528723674],[-0.8201937367440798]
[-0.8928748685444137],[0.43936443799774455],[-0.820371308458339]
[-0.8931026283279142],[0.4394309259233041],[-0.820548829580756]
[-0.8933300010295109],[0.4394973168501829],[-0.8207263000980474]
[-0.8935569875703319],[0.4395636109789782],[-0.8209037199970145]
[-0.8937835888685713],[0.4396298085097501],[-0.821081089264543]
[-0.894009805839502],[0.43969590964202304],[-0.8212584078876028]
[-0.8942356393954871],[0.43976191457478825],[-0.8214356758532475]
[-0.8944610904459926],[0.4398278235065052],[-0.8216128931486142]
[-0.8946861598975994],[0.43989363663510384],[-0.8217900597609233]
[-0.8949108486540146],[0.4399593541579863],[-0.8219671756774786]
[-0.8951351576160843],[0.440024976272029],[-0.8221442408856661]
[-0.895359087681805],[0.4400905031735844],[-0.8223212553729546]
[-0.8955826397463356],[0.44015593505848283],[-0.8224982191268952]
[-0.8958058147020086],[0.44022127212203443],[-0.8226751321351209]
[-0.8960286134383425],[0.44028651455903106],[-0.8228519943853463]
[-0.8962510368420531],[0.440351662563748],[-0.8230288058653675]
[-0.896473085797065],[0.44041671632994606],[-0.8232055665630619]
[-0.896694761184523],[0.4404816760508729],[-0.8233822764663876]
[-0.8969160638828038],[0.4405465419192654],[-0.8235589355633837]
[-0.8971369947675272],[0.44061131412735116],[-0.8237355438421694]
[-0.8973575547115674],[0.44067599286685033],[-0.8239121012909442]
[-0.8975777445850646],[0.44074057832897745],[-0.8240886078979874]
[-0.8977975652554354],[0.44080507070444314],[-0.8242650636516583]
[-0.8980170175873851],[0.440869470183456],[-0.8244414685403951]
[-0.8982361024429175],[0.4409337769557243],[-0.8246178225527155]
[-0.8984548206813472],[0.4409979912104576],[-0.824794125677216]
[-0.8986731731593095],[0.44106211313636867],[-0.8249703779025717]
[-0.898891160730772],[0.44112614292167523],[-0.825146579217536]
[-0.8991087842470452],[0.44119008075410154],[-0.8253227296109408]
[-0.8993260445567933],[0.4412539268208801],[-0.8254988290716955]
[-0.8995429425060452],[0.4413176813087535],[-0.8256748775887873]
[-0.8997594789382046],[0.441381344403976],[-0.825850875151281]
[-0.8999756546940616],[0.4414449162923152],[-0.8260268217483182]
[-0.9001914706118022],[0.4415083971590539],[-0.8262027173691178]
[-0.9004069275270197],[0.4415717871889914],[-0.8263785620029751]
[-0.9006220262727247],[0.4416350865664457],[-0.8265543556392619]
[-0.9008367676793558],[0.44169829547525447],[-0.8267300982674264]
[-0.9010511525747898],[0.4417614140987774],[-0.8269057898769924]
[-0.9012651817843521],[0.4418244426198973],[-0.8270814304575597]
[-0.901478856130827],[0.44188738122102195],[-0.8272570199988034]
[-0.9016921764344679],[0.4419502300840857],[-0.827432558490474]
[-0.9019051435130073],[0.44201298939055106],[-0.827608045922397]
[-0.9021177581816673],[0.44207565932141035],[-0.8277834822844725]
[-0.9023300212531693],[0.4421382400571872],[-0.8279588675666752]
[-0.9025419335377443],[0.4422007317779382],[-0.8281342017590544]
[-0.9027534958431425],[0.4422631346632545],[-0.828309484851733]
[-0.9029647089746436],[0.44232544889226333],[-0.8284847168349079]
[-0.9031755737350667],[0.44238767464362955],[-0.8286598976988497]
[-0.9033860909247797],[0.4424498120955572],[-0.8288350274339024]
[-0.9035962613417093],[0.44251186142579124],[-0.829010106030483]
[-0.9038060857813509],[0.4425738228116188],[-0.8291851334790815]
[-0.9040155650367779],[0.44263569642987083],[-0.8293601097702606]
[-0.9042246998986518],[0.4426974824569237],[-0.8295350348946555]
[-0.9044334911552313],[0.4427591810687007],[-0.8297099088429736]
[-0.904641939592382],[0.44282079244067346],[-0.8298847316059942]
[-0.9048500459935861],[0.44288231674786344],[-0.8300595031745684]
[-0.9050578111399515],[0.4429437541648436],[-0.8302342235396192]
[-0.9052652358102216],[0.44300510486573974],[-0.8304088926921405]
[-0.905472320780784],[0.443066369024232],[-0.8305835106231975]
[-0.9056790668256806],[0.4431275468135565],[-0.8307580773239264]
[-0.9058854747166161],[0.4431886384065064],[-0.8309325927855339]
[-0.9060915452229676],[0.44324964397543387],[-0.8311070569992972]
[-0.906297279111794],[0.44331056369225125],[-0.8312814699565638]
[-0.9065026771478445],[0.44337139772843254],[-0.8314558316487511]
[-0.9067077400935679],[0.4434321462550148],[-0.8316301420673465]
[-0.9069124687091221],[0.4434928094425998],[-0.8318044012039069]
[-0.9071168637523824],[0.4435533874613551],[-0.8319786090500584]
[-0.9073209259789508],[0.44361388048101585],[-0.8321527655974965]
[-0.9075246561421647],[0.44367428867088593],[-0.8323268708379855]
[-0.9077280549931062],[0.4437346121998395],[-0.8325009247633585]
[-0.9079311232806101],[0.4437948512363223],[-0.8326749273655168]
[-0.9081338617512736],[0.4438550059483531],[-0.8328488786364306]
[-0.9083362711494644],[0.4439150765035252],[-0.8330227785681378]
[-0.9085383522173293],[0.4439750630690076],[-0.8331966271527441]
[-0.9087401056948032],[0.4440349658115465],[-0.8333704243824231]
[-0.9089415323196178],[0.4440947848974668],[-0.8335441702494159]
[-0.9091426328273097],[0.4441545204926731],[-0.8337178647460304]
[-0.909343407951229],[0.4442141727626515],[-0.8338915078646421]
[-0.9095438584225483],[0.44427374187247065],[-0.834065099597693]
[-0.9097439849702702],[0.44433322798678315],[-0.834238639937692]
[-0.9099437883212367],[0.44439263126982703],[-0.834412128877214]
[-0.9101432692001367],[0.44445195188542697],[-0.8345855664089007]
[-0.9103424283295147],[0.44451118999699557],[-0.8347589525254592]
[-0.9105412664297793],[0.4445703457675348],[-0.8349322872196627]
[-0.9107397842192108],[0.44462941935963735],[-0.8351055704843503]
[-0.9109379824139698],[0.4446884109354878],[-0.835278802312426]
[-0.9111358617281057],[0.4447473206568639],[-0.8354519826968593]
[-0.9113334228735638],[0.4448061486851382],[-0.8356251116306846]
[-0.9115306665601943],[0.4448648951812789],[-0.8357981891070013]
[-0.9117275934957599],[0.4449235603058516],[-0.8359712151189731]
[-0.9119242043859439],[0.4449821442190201],[-0.8361441896598283]
[-0.9121204999343581],[0.445040647080548],[-0.8363171127228594]
[-0.9123164808425507],[0.44509906904979996],[-0.8364899843014229]
[-0.9125121478100143],[0.44515741028574285],[-0.8366628043889391]
[-0.9127075015341938],[0.4452156709469471],[-0.836835572978892]
[-0.9129025427104938],[0.44527385119158785],[-0.8370082900648289]
[-0.9130972720322866],[0.44533195117744645],[-0.8371809556403604]
[-0.9132916901909204],[0.4453899710619114],[-0.8373535696991603]
[-0.9134857978757259],[0.44544791100197983],[-0.837526132234965]
[-0.9136795957740252],[0.4455057711542585],[-0.8376986432415735]
[-0.9138730845711385],[0.4455635516749653],[-0.8378711027128476]
[-0.9140662649503919],[0.44562125271993036],[-0.8380435106427111]
[-0.9142591375931253],[0.4456788744445972],[-0.8382158670251499]
[-0.9144517031786995],[0.445736417004024],[-0.838388171854212]
[-0.9146439623845039],[0.4457938805528849],[-0.8385604251240069]
[-0.9148359158859638],[0.445851265245471],[-0.8387326268287055]
[-0.915027564356548],[0.44590857123569183],[-0.8389047769625405]
[-0.9152189084677758],[0.44596579867707636],[-0.8390768755198054]
[-0.9154099488892248],[0.44602294772277423],[-0.8392489224948545]
[-0.9156006862885379],[0.446080018525557],[-0.8394209178821032]
[-0.9157911213314305],[0.4461370112378192],[-0.8395928616760273]
[-0.9159812546816981],[0.4461939260115796],[-0.8397647538711631]
[-0.9161710870012231],[0.44625076299848243],[-0.839936594462107]
[-0.9163606189499821],[0.4463075223497985],[-0.8401083834435156]
[-0.9165498511860533],[0.4463642042164262],[-0.8402801208101051]
[-0.9167387843656231],[0.446420808748893],[-0.8404518065566515]
[-0.9169274191429934],[0.44647733609735635],[-0.8406234406779904]
[-0.9171157561705887],[0.44653378641160485],[-0.8407950231690167]
[-0.9173037960989633],[0.4465901598410595],[-0.840966554024684]
[-0.9174915395768075],[0.4466464565347747],[-0.8411380332400054]
[-0.9176789872509555],[0.44670267664143953],[-0.8413094608100524]
[-0.9178661397663915],[0.44675882030937886],[-0.8414808367299553]
[-0.9180529977662572],[0.4468148876865543],[-0.8416521609949028]
[-0.9182395618918578],[0.4468708789205656],[-0.8418234336001416]
[-0.9184258327826701],[0.4469267941586515],[-0.8419946545409767]
[-0.9186118110763479],[0.44698263354769097],[-0.8421658238127708]
[-0.9187974974087296],[0.4470383972342044],[-0.8423369414109445]
[-0.9189828924138447],[0.44709408536435463],[-0.8425080073309758]
[-0.9191679967239201],[0.4471496980839479],[-0.8426790215683999]
[-0.9193528109693876],[0.44720523553843516],[-0.8428499841188096]
[-0.9195373357788896],[0.44726069787291317],[-0.8430208949778544]
[-0.9197215717792864],[0.44731608523212535],[-0.8431917541412406]
[-0.919905519595662],[0.44737139776046303],[-0.8433625616047314]
[-0.9200891798513314],[0.4474266356019666],[-0.8435333173641464]
[-0.9202725531678467],[0.44748179890032647],[-0.8437040214153613]
[-0.9204556401650037],[0.4475368877988841],[-0.8438746737543081]
[-0.9206384414608481],[0.44759190244063324],[-0.8440452743769751]
[-0.920820957671682],[0.44764684296822077],[-0.8442158232794058]
[-0.9210031894120706],[0.4477017095239479],[-0.8443863204576999]
[-0.9211851372948482],[0.4477565022497712],[-0.8445567659080122]
[-0.9213668019311244],[0.4478112212873037],[-0.844727159626553]
[-0.9215481839302909],[0.4478658667778158],[-0.8448975016095877]
[-0.9217292839000273],[0.44792043886223637],[-0.8450677918534366]
[-0.9219101024463074],[0.4479749376811539],[-0.8452380303544751]
[-0.9220906401734058],[0.44802936337481725],[-0.8454082171091328]
[-0.9222708976839034],[0.44808371608313713],[-0.8455783521138941]
[-0.9224508755786941],[0.44813799594568665],[-0.8457484353652976]
[-0.9226305744569908],[0.44819220310170266],[-0.8459184668599361]
[-0.9228099949163313],[0.4482463376900866],[-0.8460884465944564]
[-0.9229891375525845],[0.4483003998494056],[-0.846258374565559]
[-0.9231680029599564],[0.4483543897178935],[-0.8464282507699982]
[-0.9233465917309962],[0.44840830743345167],[-0.8465980752045817]
[-0.9235249044566022],[0.44846215313365034],[-0.8467678478661708]
[-0.9237029417260277],[0.44851592695572934],[-0.8469375687516795]
[-0.9238807041268872],[0.4485696290365991],[-0.8471072378580753]
[-0.9240581922451618],[0.4486232595128418],[-0.8472768551823783]
[-0.9242354066652056],[0.4486768185207123],[-0.8474464207216614]
[-0.9244123479697512],[0.4487303061961389],[-0.8476159344730501]
[-0.9245890167399157],[0.44878372267472477],[-0.8477853964337221]
[-0.9247654135552063],[0.44883706809174845],[-0.8479548066009075]
[-0.9249415389935264],[0.44889034258216515],[-0.8481241649718884]
[-0.925117393631181],[0.44894354628060756],[-0.8482934715439988]
[-0.9252929780428826],[0.44899667932138687],[-0.8484627263146246]
[-0.9254682928017568],[0.4490497418384937],[-0.8486319292812032]
[-0.9256433384793482],[0.44910273396559913],[-0.8488010804412235]
[-0.9258181156456257],[0.4491556558360555],[-0.8489701797922256]
[-0.9259926248689883],[0.44920850758289754],[-0.8491392273318007]
[-0.9261668667162706],[0.4492612893388432],[-0.8493082230575913]
[-0.9263408417527486],[0.4493140012362946],[-0.8494771669672906]
[-0.9265145505421449],[0.4493666434073391],[-0.8496460590586422]
[-0.9266879936466346],[0.44941921598375006],[-0.8498148993294405]
[-0.9268611716268502],[0.4494717190969878],[-0.8499836877775305]
[-0.9270340850418879],[0.4495241528782006],[-0.850152424400807]
[-0.9272067344493122],[0.44957651745822563],[-0.850321109197215]
[-0.927379120405162],[0.44962881296758983],[-0.8504897421647498]
[-0.9275512434639556],[0.44968103953651084],[-0.850658323301456]
[-0.927723104178696],[0.4497331972948979],[-0.850826852605428]
[-0.9278947031008766],[0.44978528637235277],[-0.8509953300748099]
[-0.9280660407804864],[0.44983730689817064],[-0.8511637557077948]
[-0.928237117766015],[0.4498892590013411],[-0.8513321295026253]
[-0.9284079346044585],[0.4499411428105488],[-0.8515004514575928]
[-0.9285784918413238],[0.4499929584541748],[-0.8516687215710378]
[-0.9287487900206349],[0.45004470606029695],[-0.8518369398413493]
[-0.9289188296849374],[0.4500963857566912],[-0.8520051062669654]
[-0.9290886113753039],[0.45014799767083213],[-0.852173220846372]
[-0.9292581356313391],[0.4501995419298942],[-0.8523412835781039]
[-0.9294274029911851],[0.45025101866075234],[-0.8525092944607437]
[-0.9295964139915263],[0.45030242798998293],[-0.8526772534929223]
[-0.9297651691675947],[0.4503537700438648],[-0.8528451606733183]
[-0.9299336690531748],[0.4504050449483798],[-0.8530130160006582]
[-0.9301019141806086],[0.450456252829214],[-0.8531808194737158]
[-0.9302699050808011],[0.4505073938117583],[-0.8533485710913129]
[-0.9304376422832245],[0.45055846802110955],[-0.8535162708523181]
[-0.9306051263159238],[0.45060947558207115],[-0.8536839187556474]
[-0.9307723577055219],[0.450660416619154],[-0.8538515148002639]
[-0.9309393369772238],[0.4507112912565775],[-0.8540190589851775]
[-0.931106064654822],[0.45076209961827013],[-0.854186551309445]
[-0.9312725412607017],[0.45081284182787046],[-0.8543539917721696]
[-0.9314387673158449],[0.45086351800872804],[-0.8545213803725012]
[-0.9316047433398358],[0.45091412828390415],[-0.854688717109636]
[-0.9317704698508656],[0.4509646727761726],[-0.8548560019828163]
[-0.9319359473657373],[0.4510151516080207],[-0.8550232349913306]
[-0.9321011763998701],[0.45106556490164995],[-0.8551904161345132]
[-0.9322661574673048],[0.45111591277897706],[-0.8553575454117442]
[-0.932430891080708],[0.4511661953616345],[-0.8555246228224497]
[-0.9325953777513771],[0.4512164127709715],[-0.8556916483661009]
[-0.9327596179892451],[0.45126656512805496],[-0.8558586220422146]
[-0.9329236123028851],[0.4513166525536701],[-0.856025543850353]
[-0.933087361199515],[0.45136667516832124],[-0.856192413790123]
[-0.9332508651850021],[0.45141663309223273],[-0.8563592318611769]
[-0.933414124763868],[0.45146652644534985],[-0.8565259980632117]
[-0.9335771404392929],[0.4515163553473393],[-0.8566927123959691]
[-0.9337399127131201],[0.4515661199175903],[-0.8568593748592355]
[-0.9339024420858612],[0.45161582027521535],[-0.8570259854528416]
[-0.9340647290566998],[0.4516654565390508],[-0.8571925441766626]
[-0.9342267741234968],[0.4517150288276579],[-0.8573590510306177]
[-0.9343885777827943],[0.4517645372593235],[-0.8575255060146704]
[-0.9345501405298204],[0.45181398195206074],[-0.857691909128828]
[-0.9347114628584938],[0.45186336302361],[-0.8578582603731415]
[-0.9348725452614279],[0.4519126805914397],[-0.8580245597477059]
[-0.9350333882299354],[0.45196193477274677],[-0.8581908072526595]
[-0.9351939922540329],[0.4520111256844578],[-0.8583570028881841]
[-0.9353543578224449],[0.4520602534432296],[-0.8585231466545047]
[-0.9355144854226086],[0.45210931816545014],[-0.8586892385518896]
[-0.9356743755406779],[0.45215831996723904],[-0.8588552785806501]
[-0.935834028661528],[0.4522072589644487],[-0.8590212667411404]
[-0.9359934452687596],[0.45225613527266467],[-0.8591872030337574]
[-0.9361526258447033],[0.45230494900720675],[-0.8593530874589408]
[-0.9363115708704235],[0.45235370028312955],[-0.8595189200171727]
[-0.9364702808257235],[0.4524023892152233],[-0.8596847007089776]
[-0.9366287561891488],[0.4524510159180147],[-0.8598504295349225]
[-0.9367869974379919],[0.45249958050576744],[-0.8600161064956163]
[-0.9369450050482965],[0.4525480830924832],[-0.8601817315917101]
[-0.9371027794948613],[0.4525965237919022],[-0.8603473048238968]
[-0.9372603212512448],[0.452644902717504],[-0.8605128261929111]
[-0.9374176307897688],[0.45269321998250844],[-0.8606782956995295]
[-0.937574708581523],[0.452741475699876],[-0.8608437133445698]
[-0.937731555096369],[0.4527896699823088],[-0.8610090791288915]
[-0.9378881708029443],[0.45283780294225123],[-0.861174393053395]
[-0.9380445561686666],[0.45288587469189084],[-0.8613396551190224]
[-0.9382007116597376],[0.45293388534315876],[-0.8615048653267564]
[-0.9383566377411474],[0.45298183500773076],[-0.8616700236776208]
[-0.9385123348766782],[0.4530297237970277],[-0.8618351301726802]
[-0.9386678035289086],[0.4530775518222165],[-0.86200018481304]
[-0.9388230441592172],[0.4531253191942105],[-0.8621651875998458]
[-0.9389780572277875],[0.45317302602367066],[-0.8623301385342842]
[-0.9391328431936105],[0.45322067242100583],[-0.8624950376175817]
[-0.9392874025144898],[0.4532682584963737],[-0.8626598848510053]
[-0.9394417356470453],[0.4533157843596814],[-0.8628246802358619]
[-0.9395958430467165],[0.45336325012058626],[-0.8629894237734984]
[-0.9397497251677673],[0.45341065588849655],[-0.8631541154653016]
[-0.9399033824632893],[0.4534580017725721],[-0.8633187553126981]
[-0.9400568153852058],[0.45350528788172506],[-0.8634833433171539]
[-0.9402100243842757],[0.45355251432462046],[-0.8636478794801749]
[-0.9403630099100975],[0.4535996812096771],[-0.863812363803306]
[-0.9405157724111127],[0.453646788645068],[-0.8639767962881316]
[-0.9406683123346103],[0.4536938367387215],[-0.8641411769362753]
[-0.9408206301267298],[0.4537408255983214],[-0.8643055057493997]
[-0.9409727262324655],[0.45378775533130805],[-0.864469782729206]
[-0.9411246010956702],[0.4538346260448789],[-0.8646340078774348]
[-0.9412762551590587],[0.4538814378459891],[-0.864798181195865]
[-0.9414276888642118],[0.4539281908413524],[-0.8649623026863144]
[-0.94157890265158],[0.45397488513744144],[-0.8651263723506388]
[-0.941729896960487],[0.45402152084048886],[-0.8652903901907328]
[-0.9418806722291337],[0.4540680980564877],[-0.8654543562085292]
[-0.9420312288946016],[0.4541146168911921],[-0.8656182704059987]
[-0.9421815673928563],[0.454161077450118],[-0.8657821327851503]
[-0.9423316881587518],[0.4542074798385439],[-0.8659459433480307]
[-0.9424815916260334],[0.45425382416151133],[-0.8661097020967244]
[-0.9426312782273419],[0.4543001105238255],[-0.866273409033354]
[-0.9427807483942168],[0.4543463390300562],[-0.8664370641600793]
[-0.9429300025570999],[0.45439250978453827],[-0.8666006674790975]
[-0.9430790411453392],[0.4544386228913722],[-0.8667642189926434]
[-0.9432278645871922],[0.454484678454425],[-0.8669277187029891]
[-0.9433764733098293],[0.4545306765773305],[-0.8670911666124437]
[-0.9435248677393377],[0.45457661736349037],[-0.8672545627233532]
[-0.9436730483007247],[0.4546225009160746],[-0.8674179070381008]
[-0.9438210154179211],[0.4546683273380221],[-0.8675811995591066]
[-0.9439687695137847],[0.4547140967320413],[-0.867744440288827]
[-0.9441163110101043],[0.4547598092006109],[-0.8679076292297554]
[-0.9442636403276022],[0.45480546484598044],[-0.8680707663844215]
[-0.9444107578859385],[0.4548510637701711],[-0.8682338517553914]
[-0.9445576641037141],[0.45489660607497595],[-0.8683968853452675]
[-0.9447043593984742],[0.45494209186196094],[-0.8685598671566885]
[-0.9448508441867116],[0.45498752123246533],[-0.868722797192329]
[-0.9449971188838704],[0.4550328942876024],[-0.8688856754548998]
[-0.9451431839043489],[0.4550782111282601],[-0.8690485019471472]
[-0.9452890396615035],[0.4551234718551015],[-0.8692112766718537]
[-0.9454346865676515],[0.4551686765685656],[-0.8693739996318371]
[-0.9455801250340748],[0.4552138253688678],[-0.8695366708299509]
[-0.9457253554710233],[0.45525891835600063],[-0.869699290269084]
[-0.9458703782877177],[0.45530395562973425],[-0.8698618579521608]
[-0.9460151938923532],[0.4553489372896172],[-0.8700243738821406]
[-0.9461598026921029],[0.4553938634349768],[-0.8701868380620181]
[-0.9463042050931204],[0.45543873416492],[-0.8703492504948231]
